label;status;category;difficulty;discrimination;guessing
A01-00;0;A/A01;-3.87;0.33;0
A01-01;0;A/A01;-3.77;1.22;0.05
A01-02;0;A/A01;-3.53;1.77;0.04
A01-03;0;A/A01;-3.84;1.09;0.21
A01-04;0;A/A01;-4.44;1.92;0.15
A01-05;0;A/A01;-4.68;0.38;0.12
A01-06;0;A/A01;-3.25;1.26;0.05
A01-07;0;A/A01;-3.97;0.8;0.27
A01-08;0;A/A01;-3.58;1.82;0.09
A01-09;0;A/A01;-4.61;1.86;0.11
A01-10;0;A/A01;-3.97;0.57;0.05
A01-11;0;A/A01;-3.75;1.31;0.3
A01-12;0;A/A01;-4.63;1.17;0.03
A01-13;0;A/A01;-4.28;0.96;0.1
A01-14;0;A/A01;-4.17;0.7;0.26
A01-15;0;A/A01;-4.32;1.84;0.05
A01-16;0;A/A01;-3.72;0.87;0.04
A01-17;0;A/A01;-4.3;1.08;0.04
A02-00;0;A/A02;-3.86;1.28;0.01
A02-01;0;A/A02;-3.78;1.98;0.13
A02-02;0;A/A02;-3.83;0.69;0.26
A02-03;0;A/A02;-4.19;1.12;0.3
A02-04;0;A/A02;-4.01;1.22;0.14
A02-05;0;A/A02;-3.69;0.91;0.31
A02-06;0;A/A02;-3.92;1.55;0.28
A02-07;0;A/A02;-3.91;1.7;0.15
A02-08;0;A/A02;-3.66;0.3;0.18
A02-09;0;A/A02;-3.67;0.38;0.27
A02-10;0;A/A02;-3.52;1.31;0.22
A02-11;0;A/A02;-4.44;0.97;0.26
A02-12;0;A/A02;-3.46;0.65;0.24
A02-13;0;A/A02;-4.22;0.6;0.14
A02-14;0;A/A02;-3.4;0.75;0.12
A02-15;0;A/A02;-4.34;1.64;0.11
A02-16;0;A/A02;-3.7;1.04;0.13
A03-00;0;A/A03;-3.87;1.38;0.33
A03-01;0;A/A03;-3.57;1.33;0.31
A03-02;0;A/A03;-3.48;0.28;0.15
A03-03;0;A/A03;-3.88;1.58;0.15
A03-04;0;A/A03;-3.05;1.21;0.1
A03-05;0;A/A03;-3.7;1.12;0.21
A03-06;0;A/A03;-3.3;0.24;0.3
A03-07;0;A/A03;-3.42;0.33;0.12
A03-08;0;A/A03;-3.19;0.85;0.26
A03-09;0;A/A03;-3.44;1.4;0.26
A03-10;0;A/A03;-3.64;0.62;0.25
A03-11;0;A/A03;-2.95;1.22;0.2
A03-12;0;A/A03;-3.53;0.91;0.29
A03-13;0;A/A03;-3.76;1.35;0.17
A04-00;0;A/A04;-2.05;0.98;0.03
A04-01;0;A/A04;-3.66;0.34;0.17
A04-02;0;A/A04;-3.13;0.54;0.01
A04-03;0;A/A04;-1.82;0.3;0.26
A04-04;0;A/A04;-2.87;1.76;0.29
A04-05;0;A/A04;-3.65;1.34;0.3
A04-06;0;A/A04;-2.89;1.43;0.06
A04-07;0;A/A04;-3;1.54;0.12
A04-08;0;A/A04;-2.09;0.56;0.09
A04-09;0;A/A04;-1.7;0.56;0.01
A04-10;0;A/A04;-2.78;1.49;0.08
A04-11;0;A/A04;-2.29;1.16;0.03
A04-12;0;A/A04;-2.5;0.55;0.03
A04-13;0;A/A04;-2.31;0.86;0.24
A04-14;0;A/A04;-3.07;1.47;0.04
A04-15;0;A/A04;-3.87;1.84;0.22
A04-16;0;A/A04;-3.69;0.42;0.12
A04-17;0;A/A04;-2.96;0.34;0.18
A04-18;0;A/A04;-2.86;0.35;0.1
A05-00;0;A/A05;-2.77;1.4;0.3
A05-01;0;A/A05;-2.77;1.05;0.13
A05-02;0;A/A05;-2.99;1.7;0.08
A05-03;0;A/A05;-2.36;1.64;0.04
A05-04;0;A/A05;-2.85;1.29;0.26
A05-05;0;A/A05;-2.88;1.46;0.32
A05-06;0;A/A05;-2.62;1.79;0.03
A05-07;0;A/A05;-2.07;0.24;0.14
A05-08;0;A/A05;-2.64;0.58;0.28
A05-09;0;A/A05;-2.41;1.42;0.16
A05-10;0;A/A05;-2.43;1.14;0.19
A05-11;0;A/A05;-2.53;1.6;0.18
A05-12;0;A/A05;-2.42;0.99;0.32
A05-13;0;A/A05;-2.69;0.63;0.31
A05-14;0;A/A05;-2.27;1.27;0.01
A05-15;0;A/A05;-2.84;1.11;0.27
A05-16;0;A/A05;-2.72;1.64;0.03
A05-17;0;A/A05;-2.45;1.66;0.05
A05-18;0;A/A05;-2.6;0.64;0.2
A06-00;0;A/A06;-1.85;0.9;0.21
A06-01;0;A/A06;-2.15;1.05;0.16
A06-02;0;A/A06;-1.93;0.24;0.22
A06-03;0;A/A06;-1.91;0.47;0.18
A06-04;0;A/A06;-2.1;0.73;0.31
A06-05;0;A/A06;-2.27;1.66;0.06
A06-06;0;A/A06;-2.5;1.97;0.17
A06-07;0;A/A06;-1.81;0.21;0.22
A06-08;0;A/A06;-1.56;1.3;0.01
A06-09;0;A/A06;-2.53;0.56;0.22
A06-10;0;A/A06;-2.06;0.38;0.12
A06-11;0;A/A06;-2.23;1.64;0.3
A06-12;0;A/A06;-2.3;1.39;0.18
A06-13;0;A/A06;-2.19;0.67;0.02
A06-14;0;A/A06;-1.87;0.63;0.15
A06-15;0;A/A06;-2.06;0.64;0
A07-00;0;A/A07;-1.63;0.94;0.1
A07-01;0;A/A07;-1.72;1.32;0.12
A07-02;0;A/A07;-2.39;0.32;0.26
A07-03;0;A/A07;-2.25;0.39;0.05
A07-04;0;A/A07;-1.39;1.51;0.24
A07-05;0;A/A07;-1.83;1.78;0.23
A08-00;0;A/A08;-1.88;0.84;0.2
A08-01;0;A/A08;-1.86;1.3;0.01
A08-02;0;A/A08;-1.6;0.63;0.13
A08-03;0;A/A08;-1.86;0.28;0.23
A08-04;0;A/A08;-1.76;0.32;0.03
A08-05;0;A/A08;-1.77;1.16;0.32
A08-06;0;A/A08;-1.27;0.53;0.09
A09-00;0;A/A09;-1.51;1.27;0.21
A09-01;0;A/A09;-1.99;1.21;0.25
A09-02;0;A/A09;-2.11;1.25;0.1
A09-03;0;A/A09;-2.04;0.67;0.17
A09-04;0;A/A09;-1.27;0.81;0.17
A10-00;0;A/A10;-1.5;0.84;0.25
A10-01;0;A/A10;-0.75;1.54;0.21
A10-02;0;A/A10;-0.94;1.25;0.29
A10-03;0;A/A10;-0.9;0.96;0.01
A10-04;0;A/A10;-0.76;0.57;0.18
A10-05;0;A/A10;-1.11;0.78;0.07
A10-06;0;A/A10;-1.12;1.87;0.07
A10-07;0;A/A10;-1.28;1.2;0.3
A10-08;0;A/A10;-1.05;1.61;0.22
A10-09;0;A/A10;-0.61;1.27;0.03
A10-10;0;A/A10;-1.23;1.36;0.22
A10-11;0;A/A10;-1.1;1.99;0.13
A10-12;0;A/A10;-1.18;1.95;0.05
A10-13;0;A/A10;-1.35;0.75;0.23
A10-14;0;A/A10;-1.44;1.41;0.3
A10-15;0;A/A10;-0.8;1.71;0.26
A10-16;0;A/A10;-1.13;0.95;0.12
A11-00;0;A/A11;-1.12;1.85;0.23
A11-01;0;A/A11;-0.87;1.61;0.12
A11-02;0;A/A11;-0.45;0.31;0.29
A11-03;0;A/A11;-1.03;1.46;0.2
A11-04;0;A/A11;-1.06;1.03;0.17
A11-05;0;A/A11;-0.62;0.49;0.11
A11-06;0;A/A11;-1.26;0.53;0.33
A11-07;0;A/A11;-0.72;0.86;0.22
A11-08;0;A/A11;-0.55;1.34;0.29
A11-09;0;A/A11;-0.41;0.99;0.25
A11-10;0;A/A11;-0.52;0.99;0.06
A11-11;0;A/A11;-1.15;0.32;0.02
A11-12;0;A/A11;-0.82;1.63;0.14
A11-13;0;A/A11;-0.42;0.76;0.18
A11-14;0;A/A11;-0.91;1.36;0.11
A11-15;0;A/A11;-0.65;1.28;0.17
A12-00;0;A/A12;-0.78;1.51;0.27
A12-01;0;A/A12;-0.75;0.35;0.05
A12-02;0;A/A12;-1.24;0.65;0.19
A12-03;0;A/A12;-0.36;0.49;0.28
A12-04;0;A/A12;-0.51;1.57;0.28
A12-05;0;A/A12;-0.85;1.31;0.1
A12-06;0;A/A12;0.71;1.8;0.06
A12-07;0;A/A12;-0.51;1.79;0.22
A12-08;0;A/A12;-0.54;1.01;0.05
A12-09;0;A/A12;-0.03;0.69;0.11
A12-10;0;A/A12;-0.08;1.6;0.08
A12-11;0;A/A12;0.72;1.31;0.01
A12-12;0;A/A12;0.58;0.99;0.19
A12-13;0;A/A12;0.31;0.74;0.07
A12-14;0;A/A12;0.51;0.34;0.09
A12-15;0;A/A12;0.57;0.77;0.14
A12-16;0;A/A12;-0.54;1.81;0.28
A12-17;0;A/A12;0.34;1.77;0.08
A13-00;0;A/A13;0.31;1.77;0.2
A13-01;0;A/A13;0.53;0.84;0.26
A13-02;0;A/A13;0.57;0.91;0.29
A13-03;0;A/A13;0.67;1.47;0.3
A13-04;0;A/A13;0.93;0.21;0.2
A13-05;0;A/A13;0.57;1.58;0.22
A13-06;0;A/A13;0.16;0.25;0.15
B01-00;0;B/B01;0.48;1.27;0.06
B01-01;0;B/B01;-0.54;0.64;0.32
B01-02;0;B/B01;0.36;1.03;0.23
B01-03;0;B/B01;-0.37;0.98;0.07
B01-04;0;B/B01;0.63;0.71;0.18
B02-00;0;B/B02;0.16;1.74;0.12
B02-01;0;B/B02;0.86;1.52;0.03
B02-02;0;B/B02;0.79;1.4;0.32
B02-03;0;B/B02;-0.61;0.89;0.25
B02-04;0;B/B02;1.32;0.5;0.2
B02-05;0;B/B02;0.21;0.88;0.16
B02-06;0;B/B02;-1.9;0.47;0.19
B02-07;0;B/B02;0.28;1.67;0.12
B02-08;0;B/B02;0.02;0.92;0.16
B02-09;0;B/B02;0.63;1.72;0.24
B02-10;0;B/B02;-0.53;0.39;0.03
B02-11;0;B/B02;0.65;1.04;0.15
B02-12;0;B/B02;0.94;1.38;0.13
B02-13;0;B/B02;1.03;1.18;0.13
B02-14;0;B/B02;1.14;1.12;0.12
B02-15;0;B/B02;1.79;1.69;0.11
B02-16;0;B/B02;1.35;1.69;0.03
B02-17;0;B/B02;-0.21;0.63;0.23
B03-00;0;B/B03;1.22;0.21;0.18
B03-01;0;B/B03;1.24;0.93;0.02
B03-02;0;B/B03;1.15;1.55;0.04
B03-03;0;B/B03;1.22;0.77;0.19
B03-04;0;B/B03;1.42;1.76;0.08
B03-05;0;B/B03;1.1;1.12;0.04
B03-06;0;B/B03;0.72;0.73;0.05
B03-07;0;B/B03;1;0.56;0.16
B03-08;0;B/B03;1.04;1.01;0.11
B03-09;0;B/B03;1.12;1.58;0.14
B03-10;0;B/B03;0.92;0.77;0.21
B03-11;0;B/B03;1.28;0.43;0.21
B03-12;0;B/B03;0.62;0.73;0.3
B03-13;0;B/B03;0.78;0.36;0.11
B03-14;0;B/B03;1.11;0.42;0.32
B03-15;0;B/B03;1.2;0.41;0.19
B03-16;0;B/B03;0.74;1.06;0.02
B04-00;0;B/B04;0.8;0.96;0.29
B04-01;0;B/B04;1.03;1.63;0.08
B04-02;0;B/B04;1.11;0.73;0.18
B04-03;0;B/B04;1.13;1.75;0.27
B04-04;0;B/B04;0.9;0.85;0.01
B04-05;0;B/B04;1.25;0.8;0.01
B04-06;0;B/B04;1.39;0.78;0.1
B04-07;0;B/B04;0.79;1.1;0.19
B04-08;0;B/B04;0.51;1.73;0.28
B04-09;0;B/B04;1.37;1.5;0.25
B04-10;0;B/B04;0.64;1.83;0.28
B04-11;0;B/B04;0.94;0.98;0.14
B04-12;0;B/B04;1.11;0.74;0.16
B04-13;0;B/B04;1.06;1.13;0.3
B04-14;0;B/B04;1.4;1.01;0.12
B04-15;0;B/B04;0.91;1.67;0.25
B04-16;0;B/B04;0.8;0.62;0.22
B04-17;0;B/B04;0.7;0.49;0.21
B04-18;0;B/B04;1.36;1.83;0.33
B04-19;0;B/B04;1.28;0.73;0.28
B04-20;0;B/B04;1.16;1.97;0.2
B04-21;0;B/B04;0.68;0.24;0.12
C01-00;0;C/C01;-0.38;1.19;0.26
C01-01;0;C/C01;-0.38;0.75;0.02
C01-02;0;C/C01;-0.58;0.86;0.22
C01-03;0;C/C01;-0.37;1.52;0.08
C01-04;0;C/C01;-0.77;1.27;0.18
C01-05;0;C/C01;-1.42;1.82;0.28
C01-06;0;C/C01;-0.72;1.71;0.07
C01-07;0;C/C01;-1.02;1.1;0.15
C01-08;0;C/C01;-0.57;1.58;0.01
C01-09;0;C/C01;-0.61;1.6;0.07
C02-00;0;C/C02;0.75;1.26;0.09
C02-01;0;C/C02;-0.42;0.23;0.25
C02-02;0;C/C02;-0.91;0.83;0.24
C02-03;0;C/C02;-0.06;0.57;0
C02-04;0;C/C02;-0.18;1.42;0.24
C02-05;0;C/C02;-0.32;1.09;0.1
C02-06;0;C/C02;1.38;1.4;0.06
C02-07;0;C/C02;0.52;0.45;0.12
C02-08;0;C/C02;0.17;0.35;0.07
C02-09;0;C/C02;-0.16;0.4;0.11
C02-10;0;C/C02;0.21;1.99;0.21
C03-00;0;C/C03;0.23;1.23;0.13
C03-01;0;C/C03;0.24;0.35;0.05
C03-02;0;C/C03;-0.19;1.18;0.02
C03-03;0;C/C03;1.26;1.39;0.2
C03-04;0;C/C03;1.02;0.96;0.03
C03-05;0;C/C03;0.41;0.82;0.09
C03-06;0;C/C03;0.73;0.57;0.18
C03-07;0;C/C03;0.33;1.54;0.07
C03-08;0;C/C03;0.37;1.79;0.26
C03-09;0;C/C03;-0.42;0.3;0.04
C03-10;0;C/C03;0.45;0.84;0.18
C03-11;0;C/C03;-0.82;0.81;0.02
C03-12;0;C/C03;0.89;1.83;0.14
C03-13;0;C/C03;1.07;0.45;0.2
C03-14;0;C/C03;1.19;1.19;0.16
C03-15;0;C/C03;0.32;1.22;0.2
C03-16;0;C/C03;0.53;1.94;0.05
C03-17;0;C/C03;0.52;0.74;0.15
C03-18;0;C/C03;0.59;1.34;0.21
C03-19;0;C/C03;0.1;0.43;0.14
C03-20;0;C/C03;0.61;0.37;0.27
C03-21;0;C/C03;0.13;1.49;0.03
C03-22;0;C/C03;-0.29;1.3;0.09
C03-23;0;C/C03;0.36;0.93;0.16
C04-00;0;C/C04;1.25;1.7;0.04
C04-01;0;C/C04;1.31;0.83;0.31
C04-02;0;C/C04;0.47;0.89;0.09
C04-03;0;C/C04;1.38;1.36;0.19
C04-04;0;C/C04;0.75;1.99;0.27
C04-05;0;C/C04;0.42;1.03;0.29
C04-06;0;C/C04;1.25;1.58;0.17
C04-07;0;C/C04;2.05;0.96;0.05
C05-00;0;C/C05;1.59;1.7;0.15
C05-01;0;C/C05;1.44;0.74;0.22
C05-02;0;C/C05;1.6;1.23;0.1
C05-03;0;C/C05;1.41;0.63;0.08
C05-04;0;C/C05;1.15;1.04;0.32
C05-05;0;C/C05;1.77;1.28;0.22
C05-06;0;C/C05;1.72;0.61;0.1
C06-00;0;C/C06;2.03;1.44;0.12
C06-01;0;C/C06;2.22;1.74;0.02
C06-02;0;C/C06;2.18;1.56;0.17
C06-03;0;C/C06;1.66;1.68;0.1
C06-04;0;C/C06;1.92;1.36;0.27
C06-05;0;C/C06;2.31;1.05;0.17
C06-06;0;C/C06;1.85;1.82;0.28
C06-07;0;C/C06;2.35;0.3;0.28
C06-08;0;C/C06;2.27;1.29;0.03
C06-09;0;C/C06;2.06;1.57;0.22
C06-10;0;C/C06;2.13;1.5;0.02
C06-11;0;C/C06;2.73;0.25;0.2
C06-12;0;C/C06;2.34;1.1;0.07
C06-13;0;C/C06;1.84;0.47;0.31
C06-14;0;C/C06;1.86;1.09;0.07
C06-15;0;C/C06;1.97;0.79;0
C06-16;0;C/C06;1.64;0.71;0.08
C06-17;0;C/C06;1.93;0.83;0.29
C06-18;0;C/C06;2.36;1.74;0.07
C06-19;0;C/C06;2.18;1.85;0.26
C06-20;0;C/C06;1.84;1.49;0
C06-21;0;C/C06;2.05;0.58;0.09
C07-00;0;C/C07;1.9;1.95;0.25
C07-01;0;C/C07;3.07;1.33;0.14
C07-02;0;C/C07;2.06;1.87;0.05
C07-03;0;C/C07;2.44;1.36;0.24
C07-04;0;C/C07;2.9;0.75;0.01
C07-05;0;C/C07;2.65;1.92;0.09
C07-06;0;C/C07;2.37;0.23;0.1
C07-07;0;C/C07;3.2;0.61;0.18
C07-08;0;C/C07;2.92;1.71;0.22
C08-00;0;C/C08;3.06;1.61;0.07
C08-01;0;C/C08;2.83;1.7;0.21
C08-02;0;C/C08;3.16;0.71;0.32
C08-03;0;C/C08;3.13;1.82;0.1
C08-04;0;C/C08;3.11;0.56;0.14
C08-05;0;C/C08;2.62;1.64;0.3
C08-06;0;C/C08;2.66;1.53;0.29
C08-07;0;C/C08;2.55;1.37;0.3
C08-08;0;C/C08;2.43;0.69;0.12
C08-09;0;C/C08;3.19;1.59;0.21
C08-10;0;C/C08;2.85;0.5;0.2
C08-11;0;C/C08;2.99;1.92;0.25
C08-12;0;C/C08;3.15;1.72;0.03
C08-13;0;C/C08;3.11;0.76;0.21
C08-14;0;C/C08;2.78;0.52;0.19
C08-15;0;C/C08;2.89;1.16;0.07
C08-16;0;C/C08;2.98;1.86;0.14
C08-17;0;C/C08;2.91;1.12;0.01
C08-18;0;C/C08;3.11;1.84;0.15
C08-19;0;C/C08;2.82;1.36;0.08
C08-20;0;C/C08;2.92;1.69;0.26
C08-21;0;C/C08;2.91;1.22;0.11
C08-22;0;C/C08;3.01;1.25;0.04
C08-23;0;C/C08;2.92;0.86;0.01
C09-00;0;C/C09;2.72;0.77;0.11
C09-01;0;C/C09;3.02;0.88;0
C09-02;0;C/C09;3.31;0.69;0.27
C09-03;0;C/C09;3.05;0.35;0.28
C09-04;0;C/C09;2.86;0.91;0.28
C09-05;0;C/C09;3.17;1.21;0.3
C09-06;0;C/C09;2.94;1.28;0.09
C09-07;0;C/C09;2.94;1.88;0.27
C09-08;0;C/C09;2.93;1.8;0.15
C09-09;0;C/C09;2.99;1.49;0.14
C09-10;0;C/C09;3.24;0.44;0.28
C09-11;0;C/C09;2.83;0.27;0.15
C09-12;0;C/C09;2.96;1.42;0.27
C09-13;0;C/C09;3.13;1.73;0.15
C09-14;0;C/C09;2.87;1.64;0.2
C09-15;0;C/C09;3.03;1.13;0.15
C09-16;0;C/C09;3.03;0.7;0.2
C10-00;0;C/C10;3.3;0.53;0.27
C10-01;0;C/C10;4.27;1.84;0.21
C10-02;0;C/C10;2.81;0.77;0.31
C10-03;0;C/C10;4.35;0.51;0.17
C10-04;0;C/C10;3.6;0.51;0.06
C10-05;0;C/C10;4.82;1.98;0.07
C10-06;0;C/C10;3.02;0.72;0.21
C10-07;0;C/C10;4.32;0.56;0.12
C10-08;0;C/C10;3.28;1.24;0.03
C10-09;0;C/C10;2.19;1.31;0.19
C10-10;0;C/C10;3.39;0.48;0.01
C10-11;0;C/C10;3.46;0.83;0.26
C10-12;0;C/C10;2.34;0.54;0.18
C10-13;0;C/C10;2.72;0.7;0.3
C10-14;0;C/C10;2.64;1.03;0.32
C10-15;0;C/C10;2.77;0.72;0.15
C10-16;0;C/C10;4.75;1.58;0.32
C10-17;0;C/C10;4.02;1.72;0.23
D01-00;0;D/D01;-0.31;0.83;0.23
D01-01;0;D/D01;0.67;0.59;0.15
D01-02;0;D/D01;0.32;0.26;0.07
D01-03;0;D/D01;-0.38;1.12;0.08
D01-04;0;D/D01;0.47;0.53;0.2
D01-05;0;D/D01;-0.23;1.85;0.12
D01-06;0;D/D01;-0.19;0.31;0.03
D01-07;0;D/D01;0.36;0.97;0.12
D01-08;0;D/D01;-0.42;0.71;0.29
D01-09;0;D/D01;0.18;1.46;0.23
D01-10;0;D/D01;-0.51;1.04;0.08
D01-11;0;D/D01;-0.65;1.08;0.21
D01-12;0;D/D01;0.1;1.9;0.06
D01-13;0;D/D01;0.28;1.67;0.13
D02-00;0;D/D02;-0.79;0.94;0.08
D02-01;0;D/D02;0.89;0.66;0.19
D02-02;0;D/D02;-0.04;0.42;0.03
D02-03;0;D/D02;0.69;1.18;0.3
D02-04;0;D/D02;-0.14;1.16;0.03
D02-05;0;D/D02;0.31;0.85;0
D02-06;0;D/D02;0.83;1.97;0.07
D02-07;0;D/D02;0.83;1.01;0.14
D02-08;0;D/D02;0.06;1.72;0.27
D02-09;0;D/D02;0.66;1.07;0.11
D02-10;0;D/D02;0.66;1.84;0.09
D03-00;0;D/D03;0.57;0.26;0.12
D03-01;0;D/D03;-0.02;1.15;0.16
D03-02;0;D/D03;0.88;1.51;0.22
D03-03;0;D/D03;0.53;1.72;0.13
D03-04;0;D/D03;0.22;1.89;0.15
D03-05;0;D/D03;0.39;0.64;0.12
D03-06;0;D/D03;0.39;1.95;0.3
D03-07;0;D/D03;0.46;1.75;0.2
D03-08;0;D/D03;0.51;0.76;0.13
D03-09;0;D/D03;0.3;0.26;0.07
D03-10;0;D/D03;0.09;1.34;0.24
D03-11;0;D/D03;0.5;0.5;0.06
D03-12;0;D/D03;0.53;1.67;0.2
D03-13;0;D/D03;0.49;1.02;0.24
D03-14;0;D/D03;0.73;1.41;0.14
D03-15;0;D/D03;0.83;1.47;0.3
D03-16;0;D/D03;0.78;0.7;0.15
D03-17;0;D/D03;0.34;0.33;0.15
D03-18;0;D/D03;0.56;1.79;0.26
D04-00;0;D/D04;1.44;0.84;0.22
D04-01;0;D/D04;1.95;1.85;0.04
D04-02;0;D/D04;1.9;1.03;0.05
D04-03;0;D/D04;1.76;1.57;0.07
D04-04;0;D/D04;1.59;0.38;0.19
D04-05;0;D/D04;1.41;1.78;0.1
D04-06;0;D/D04;2.01;0.81;0
D04-07;0;D/D04;0.87;0.64;0.05
D04-08;0;D/D04;2.17;1.24;0.26
D04-09;0;D/D04;1.98;1.62;0.16
D04-10;0;D/D04;0.79;0.92;0.24
D05-00;0;D/D05;1.46;1.64;0.33
D05-01;0;D/D05;1.62;1.87;0.07
D05-02;0;D/D05;1.36;0.48;0.1
D05-03;0;D/D05;1.47;1.18;0.21
D05-04;0;D/D05;1.47;1.41;0.28
D05-05;0;D/D05;1.78;1.9;0.09
D05-06;0;D/D05;1.56;1.61;0.14
D05-07;0;D/D05;1.07;0.51;0
D05-08;0;D/D05;1.24;0.59;0.26
D05-09;0;D/D05;1.53;1.3;0.14
D05-10;0;D/D05;1.84;1.44;0.28
D05-11;0;D/D05;1.35;1.77;0.29
D05-12;0;D/D05;1.45;0.55;0.19
D05-13;0;D/D05;1.61;0.61;0.29
D05-14;0;D/D05;1.28;1.1;0.15
D05-15;0;D/D05;1.16;0.3;0.14
D05-16;0;D/D05;2.01;0.93;0.06
D05-17;0;D/D05;1.68;1.09;0.08
D05-18;0;D/D05;1.27;0.65;0.15
D05-19;0;D/D05;1.11;0.93;0.14
D05-20;0;D/D05;1.5;1.83;0.12
D05-21;0;D/D05;1.67;0.76;0.12
D06-00;0;D/D06;1.8;0.26;0.1
D06-01;0;D/D06;2.13;1.08;0.17
D06-02;0;D/D06;2.29;0.22;0.19
D06-03;0;D/D06;2.05;0.97;0.17
D06-04;0;D/D06;2.07;1.99;0.29
D06-05;0;D/D06;2.32;1.4;0.11
D06-06;0;D/D06;2.16;0.39;0.28
D06-07;0;D/D06;2;1.09;0.06
D06-08;0;D/D06;1.94;0.42;0.13
D06-09;0;D/D06;1.8;1.59;0.33
D06-10;0;D/D06;2.07;1.4;0.04
D06-11;0;D/D06;1.91;0.68;0.32
D06-12;0;D/D06;2.11;0.34;0.28
D06-13;0;D/D06;2.17;1.11;0.31
D06-14;0;D/D06;1.85;1.85;0.14
D06-15;0;D/D06;2.17;0.88;0.2
D06-16;0;D/D06;1.7;1.15;0.09
D06-17;0;D/D06;2.04;1.64;0.27
D06-18;0;D/D06;1.86;1.54;0
D06-19;0;D/D06;2.07;0.86;0.15
D06-20;0;D/D06;1.9;1.92;0.19
D06-21;0;D/D06;1.72;0.97;0.12
D06-22;0;D/D06;2.33;0.73;0.14
D07-00;0;D/D07;2.86;0.32;0.11
D07-01;0;D/D07;2.32;0.79;0.1
D07-02;0;D/D07;2.55;1.72;0.11
D07-03;0;D/D07;2.33;0.43;0.2
D07-04;0;D/D07;1.83;1.16;0.29
D07-05;0;D/D07;2.81;1.4;0.16
D07-06;0;D/D07;2.14;1.03;0.19
D07-07;0;D/D07;3.25;1.22;0.17
D07-08;0;D/D07;2.67;0.44;0.2
D07-09;0;D/D07;2.88;0.4;0.06
D07-10;0;D/D07;3.23;1.17;0.21
D08-00;0;D/D08;2.2;1.24;0.17
D08-01;0;D/D08;2.65;1.11;0.26
D08-02;0;D/D08;1.87;1.29;0.32
D08-03;0;D/D08;2.24;0.97;0.3
D08-04;0;D/D08;2.48;1.11;0.05
D08-05;0;D/D08;2.78;0.94;0.21
D08-06;0;D/D08;2.63;0.29;0.25
D08-07;0;D/D08;2.42;0.47;0.32
D08-08;0;D/D08;2.35;1.95;0.17
D08-09;0;D/D08;2.08;0.44;0.29
D08-10;0;D/D08;2.34;0.71;0.27
D08-11;0;D/D08;2.65;0.26;0.31
D08-12;0;D/D08;2.8;1.75;0
D08-13;0;D/D08;2.86;0.8;0.07
D08-14;0;D/D08;2.73;0.4;0.2
D08-15;0;D/D08;2.29;1.27;0.23
D08-16;0;D/D08;2.41;0.28;0.05
D08-17;0;D/D08;2.46;0.97;0.31
D09-00;0;D/D09;3.02;0.26;0.02
D09-01;0;D/D09;3.01;0.83;0.07
D09-02;0;D/D09;3.11;0.55;0.05
D09-03;0;D/D09;2.91;1.59;0.28
D09-04;0;D/D09;3.15;0.62;0.11
D09-05;0;D/D09;2.87;0.38;0.08
D10-00;0;D/D10;3.42;1.6;0.3
D10-01;0;D/D10;3.41;1.6;0.27
D10-02;0;D/D10;3.82;0.53;0.01
D10-03;0;D/D10;3.69;0.58;0.16
D10-04;0;D/D10;3.3;1.48;0.21
E01-00;0;E/E01;0.72;1.93;0
E01-01;0;E/E01;1.39;1.41;0.21
E01-02;0;E/E01;0.67;1.13;0.12
E01-03;0;E/E01;-1.13;1.69;0.23
E01-04;0;E/E01;0.4;1.08;0.07
E01-05;0;E/E01;0.27;0.64;0.02
E01-06;0;E/E01;-0.22;1.91;0.13
E01-07;0;E/E01;-0.57;0.97;0.11
E01-08;0;E/E01;-0.91;1.87;0.26
E02-00;0;E/E02;-0.8;1.63;0.18
E02-01;0;E/E02;-0.42;1.87;0.05
E02-02;0;E/E02;-0.25;0.44;0.26
E02-03;0;E/E02;0.3;0.5;0.17
E02-04;0;E/E02;0.04;1.9;0.15
E02-05;0;E/E02;-0.28;1.29;0.27
E02-06;0;E/E02;-0.22;0.67;0.14
E02-07;0;E/E02;-0.23;1.43;0.02
E02-08;0;E/E02;-0.42;0.82;0.29
E02-09;0;E/E02;0.09;1.75;0.11
E02-10;0;E/E02;0.36;1.65;0.16
E02-11;0;E/E02;0.89;1.57;0
E02-12;0;E/E02;0.64;1.31;0.06
E02-13;0;E/E02;-0.12;0.47;0.07
E03-00;0;E/E03;0.22;1.22;0.29
E03-01;0;E/E03;0.13;0.84;0.3
E03-02;0;E/E03;0.54;1.79;0.2
E03-03;0;E/E03;0.35;1.23;0
E03-04;0;E/E03;0.19;1.21;0.2
E03-05;0;E/E03;0.21;0.38;0.3
E03-06;0;E/E03;0.56;1.55;0.22
E03-07;0;E/E03;0.95;1.31;0.13
E03-08;0;E/E03;0.73;0.29;0.28
E03-09;0;E/E03;1.02;0.75;0.2
E03-10;0;E/E03;0.24;0.27;0.17
E03-11;0;E/E03;0.61;1.27;0.13
E03-12;0;E/E03;0.7;0.27;0.04
E03-13;0;E/E03;1.08;1.09;0.18
E03-14;0;E/E03;0.33;1.73;0.09
E03-15;0;E/E03;0.3;0.78;0.19
E03-16;0;E/E03;0.75;0.96;0.31
E03-17;0;E/E03;0.51;0.29;0.28
E03-18;0;E/E03;1.39;0.99;0.09
E03-19;0;E/E03;0.28;1.09;0.33
E03-20;0;E/E03;0.34;1.34;0.01
E03-21;0;E/E03;0.54;0.98;0.09
E03-22;0;E/E03;0.65;1.56;0.17
E04-00;0;E/E04;0.47;1.05;0.21
E04-01;0;E/E04;0.46;1.57;0.05
E04-02;0;E/E04;1.11;1.05;0.07
E04-03;0;E/E04;0.84;1.27;0.2
E04-04;0;E/E04;1.42;0.38;0.05
E04-05;0;E/E04;0.74;1.14;0.13
E04-06;0;E/E04;0.22;1.1;0.16
E04-07;0;E/E04;1.21;0.22;0.19
E04-08;0;E/E04;0.88;1.16;0.06
E04-09;0;E/E04;1.36;1.7;0.27
E04-10;0;E/E04;0.81;1.53;0.26
E04-11;0;E/E04;1.25;0.71;0.09
E04-12;0;E/E04;0.96;1.4;0.22
E04-13;0;E/E04;0.62;1.99;0.26
E04-14;0;E/E04;0.44;0.95;0.22
E05-00;0;E/E05;0.89;1.42;0.08
E05-01;0;E/E05;1.2;0.69;0.23
E05-02;0;E/E05;0.88;1.07;0.24
E05-03;0;E/E05;1.18;1.68;0.01
E05-04;0;E/E05;1.18;0.39;0.19
E05-05;0;E/E05;1.05;1.25;0.02
E05-06;0;E/E05;1.02;1.38;0.01
E05-07;0;E/E05;1.17;0.4;0.07
E05-08;0;E/E05;0.35;1.82;0.23
E05-09;0;E/E05;0.61;0.45;0.26
E05-10;0;E/E05;0.9;1.02;0.25
E05-11;0;E/E05;0.94;1.81;0.04
E05-12;0;E/E05;0.85;1.8;0.17
E05-13;0;E/E05;1.1;1.33;0.14
E05-14;0;E/E05;1.41;1.34;0.06
E05-15;0;E/E05;1.02;1.56;0.26
E05-16;0;E/E05;0.75;0.9;0.16
E05-17;0;E/E05;1.23;1.39;0.2
E05-18;0;E/E05;1.14;0.39;0.16
E05-19;0;E/E05;1.24;1.15;0.13
E05-20;0;E/E05;1.1;1.24;0.18
E06-00;0;E/E06;1.42;1.64;0.14
E06-01;0;E/E06;1.53;1.48;0.26
E06-02;0;E/E06;1.39;0.25;0.12
E06-03;0;E/E06;1.6;0.56;0.09
E06-04;0;E/E06;1.35;0.49;0.04
E06-05;0;E/E06;1.37;0.4;0.01
E07-00;0;E/E07;1.2;1.47;0.19
E07-01;0;E/E07;2.35;1.85;0.17
E07-02;0;E/E07;1.32;0.3;0.02
E07-03;0;E/E07;1.91;1.38;0.12
E07-04;0;E/E07;2.25;1.54;0
E07-05;0;E/E07;1.77;1.73;0.08
E07-06;0;E/E07;2.96;0.9;0.22
E07-07;0;E/E07;2.06;1.28;0.01
E07-08;0;E/E07;1.75;0.83;0.09
E07-09;0;E/E07;2.39;1.86;0.18
E07-10;0;E/E07;2.15;0.48;0.12
E07-11;0;E/E07;1.28;1.25;0.17
E07-12;0;E/E07;1.98;1.76;0.28
E07-13;0;E/E07;2.87;1.95;0.23
E07-14;0;E/E07;1.78;2;0.05
E07-15;0;E/E07;2.2;0.9;0.08
E07-16;0;E/E07;2.13;0.69;0.23
E07-17;0;E/E07;1.98;1.83;0.28
E07-18;0;E/E07;1.96;0.5;0.23
E07-19;0;E/E07;1.92;1.2;0.15
E08-00;0;E/E08;2.27;0.79;0.16
E08-01;0;E/E08;2.07;0.52;0.1
E08-02;0;E/E08;3.05;1.35;0.19
E08-03;0;E/E08;2.57;0.53;0.04
E08-04;0;E/E08;2.42;0.87;0.15
E09-00;0;E/E09;4;1.41;0.17
E09-01;0;E/E09;4.04;1.05;0.08
E09-02;0;E/E09;4.01;1.5;0.13
E09-03;0;E/E09;4.39;1.3;0.13
E09-04;0;E/E09;4.11;0.79;0.1
E09-05;0;E/E09;3.77;1.33;0.33
E10-00;0;E/E10;4.57;0.39;0.25
E10-01;0;E/E10;4.51;1.8;0.02
E10-02;0;E/E10;4.25;1.5;0.03
E10-03;0;E/E10;5.06;0.96;0.26
E10-04;0;E/E10;4.41;1.82;0.06
E10-05;0;E/E10;4.5;1.45;0.06
E10-06;0;E/E10;4.88;1.55;0.32
E10-07;0;E/E10;4.22;1.11;0.07
E10-08;0;E/E10;4.11;1.06;0.12
E10-09;0;E/E10;4.02;1.22;0.16
F01-00;0;F/F01;0.46;1.09;0.01
F01-01;0;F/F01;-0.33;1.07;0.18
F01-02;0;F/F01;-0.24;1.69;0.09
F01-03;0;F/F01;0.77;0.93;0.26
F01-04;0;F/F01;0.64;0.59;0.26
F01-05;0;F/F01;1.21;0.48;0.08
F01-06;0;F/F01;0.85;0.39;0.23
F01-07;0;F/F01;0.88;0.44;0.11
F01-08;0;F/F01;-0.67;1.04;0.16
F01-09;0;F/F01;0.79;0.83;0.08
F01-10;0;F/F01;0.66;1.39;0.27
F01-11;0;F/F01;0.8;0.83;0.23
F02-00;0;F/F02;1.25;0.62;0.04
F02-01;0;F/F02;1.31;0.68;0.25
F02-02;0;F/F02;0.61;1.25;0.07
F02-03;0;F/F02;1.67;1.24;0.01
F02-04;0;F/F02;1.09;1.56;0.14
F02-05;0;F/F02;1.36;1.1;0.06
F02-06;0;F/F02;0.86;1.26;0.2
F02-07;0;F/F02;0.24;1.14;0.03
F02-08;0;F/F02;1.86;0.47;0.07
F02-09;0;F/F02;1.49;1.42;0.26
F02-10;0;F/F02;1.06;0.9;0.18
F02-11;0;F/F02;1.04;0.63;0.27
F02-12;0;F/F02;0.61;1.67;0.27
F02-13;0;F/F02;1.96;1.9;0.1
F02-14;0;F/F02;1.48;0.75;0.22
F02-15;0;F/F02;1.35;1.25;0.11
F02-16;0;F/F02;0.86;1.25;0.29
F02-17;0;F/F02;1.51;1.82;0.21
F02-18;0;F/F02;0.3;1.55;0.31
F02-19;0;F/F02;1.05;1.88;0.22
F02-20;0;F/F02;1.06;1.55;0.22
F02-21;0;F/F02;1.3;1.93;0.2
F03-00;0;F/F03;1.23;1.73;0.06
F03-01;0;F/F03;1.68;0.78;0.05
F03-02;0;F/F03;1.33;1.94;0.14
F03-03;0;F/F03;1.34;1.77;0.33
F03-04;0;F/F03;1.27;1.66;0.17
F03-05;0;F/F03;1.41;0.4;0.14
F03-06;0;F/F03;1.77;0.99;0.18
F03-07;0;F/F03;1.48;1.05;0.15
F03-08;0;F/F03;1.25;1.46;0.03
F03-09;0;F/F03;1.42;0.54;0.29
F03-10;0;F/F03;1.45;1.44;0.21
F03-11;0;F/F03;1.98;1.89;0.01
F03-12;0;F/F03;1.41;1.49;0.05
F03-13;0;F/F03;1.5;0.47;0.05
F03-14;0;F/F03;1.1;0.64;0.06
F03-15;0;F/F03;1.68;1.31;0.32
F03-16;0;F/F03;1.35;0.84;0.17
F03-17;0;F/F03;1.16;0.9;0.25
F04-00;0;F/F04;2.59;0.38;0.26
F04-01;0;F/F04;2.55;1.97;0.32
F04-02;0;F/F04;1.86;0.38;0.28
F04-03;0;F/F04;1.16;0.79;0.14
F04-04;0;F/F04;1.97;1.11;0.32
F04-05;0;F/F04;1.95;0.24;0.2
F04-06;0;F/F04;2.21;0.23;0.02
F04-07;0;F/F04;2.01;1.4;0.09
F04-08;0;F/F04;2.31;1.76;0.05
F04-09;0;F/F04;1.37;1.01;0.19
F04-10;0;F/F04;2.66;1.53;0.03
F04-11;0;F/F04;1.94;1.58;0.11
F04-12;0;F/F04;2.45;1.34;0.22
F05-00;0;F/F05;2.25;1.84;0.12
F05-01;0;F/F05;1.98;1.34;0.23
F05-02;0;F/F05;2.53;1.69;0
F05-03;0;F/F05;2.88;1.54;0.09
F05-04;0;F/F05;2.49;1.45;0.12
F05-05;0;F/F05;2.4;0.63;0.1
F05-06;0;F/F05;2.56;0.33;0.1
F05-07;0;F/F05;2.06;0.35;0.16
F05-08;0;F/F05;2.35;0.97;0.22
F05-09;0;F/F05;2.62;1.6;0.08
F05-10;0;F/F05;2.58;1.96;0.08
F05-11;0;F/F05;2.45;0.71;0.32
F06-00;0;F/F06;3.03;0.7;0.06
F06-01;0;F/F06;2.89;1.62;0.16
F06-02;0;F/F06;3.22;0.45;0.11
F06-03;0;F/F06;2.74;1.56;0.21
F06-04;0;F/F06;3.05;0.24;0.04
F06-05;0;F/F06;2.57;1.63;0.04
F06-06;0;F/F06;2.81;0.23;0.14
F06-07;0;F/F06;2.7;1.91;0.06
F06-08;0;F/F06;3.04;1.53;0.08
F06-09;0;F/F06;2.84;0.53;0.26
F06-10;0;F/F06;2.43;1.47;0.05
F06-11;0;F/F06;3.32;0.46;0.22
F06-12;0;F/F06;3;1.08;0.2
F06-13;0;F/F06;2.93;1.54;0.14
F06-14;0;F/F06;2.8;1.44;0.08
F06-15;0;F/F06;3.24;0.73;0.09
F07-00;0;F/F07;2.96;1.07;0.03
F07-01;0;F/F07;3.71;1.73;0.21
F07-02;0;F/F07;3.6;0.31;0.14
F07-03;0;F/F07;3.61;0.63;0.12
F07-04;0;F/F07;3.05;1.46;0.13
F07-05;0;F/F07;3.36;1.82;0.09
F07-06;0;F/F07;3.33;0.24;0.27
F07-07;0;F/F07;3.68;0.71;0.26
F07-08;0;F/F07;3.29;1.78;0.21
F07-09;0;F/F07;3.61;1.89;0.18
G01-00;0;G/G01;-1.11;0.62;0.06
G01-01;0;G/G01;-0.24;0.36;0.22
G01-02;0;G/G01;-0.2;0.74;0.15
G01-03;0;G/G01;-0.85;1.87;0.22
G01-04;0;G/G01;-1.38;1.53;0.11
G01-05;0;G/G01;-0.65;1.5;0.31
G01-06;0;G/G01;-1.91;1.61;0.2
G01-07;0;G/G01;-1.35;0.35;0.32
G01-08;0;G/G01;-0.73;0.69;0.07
G01-09;0;G/G01;-0.82;0.22;0.14
G01-10;0;G/G01;-0.53;0.37;0.29
G01-11;0;G/G01;-1.93;0.87;0.31
G01-12;0;G/G01;-1.93;1.73;0.08
G01-13;0;G/G01;-0.94;1.87;0.05
G01-14;0;G/G01;-1.41;1.91;0.05
G01-15;0;G/G01;-0.8;0.83;0.07
G01-16;0;G/G01;-1.48;1.69;0.01
G01-17;0;G/G01;-0.3;0.43;0.11
G01-18;0;G/G01;-0.38;0.4;0.31
G01-19;0;G/G01;-0.87;0.51;0.25
G01-20;0;G/G01;-1.42;1.6;0.33
G02-00;0;G/G02;-1.01;1.56;0.03
G02-01;0;G/G02;-0.82;0.39;0.29
G02-02;0;G/G02;-0.46;0.69;0.1
G02-03;0;G/G02;-0.48;1.38;0.19
G02-04;0;G/G02;-0.89;1.68;0.12
G02-05;0;G/G02;-0.73;0.32;0.22
G02-06;0;G/G02;-1.03;0.69;0.11
G03-00;0;G/G03;0.46;1.74;0.01
G03-01;0;G/G03;-0.25;0.36;0.27
G03-02;0;G/G03;0.33;1.54;0.15
G03-03;0;G/G03;-0.18;1.72;0.23
G03-04;0;G/G03;0.2;0.53;0.22
G03-05;0;G/G03;0.04;1.44;0.28
G03-06;0;G/G03;-0.25;0.24;0.27
G03-07;0;G/G03;-0.39;1.72;0.19
G04-00;0;G/G04;0.58;0.52;0.04
G04-01;0;G/G04;1.35;1.41;0.15
G04-02;0;G/G04;1.44;0.33;0.32
G04-03;0;G/G04;0.73;1.09;0.04
G04-04;0;G/G04;1.05;0.51;0.08
G04-05;0;G/G04;1.46;0.41;0.28
G04-06;0;G/G04;1.89;1.36;0.17
G04-07;0;G/G04;0.32;1.98;0.08
G04-08;0;G/G04;0.77;1.44;0.04
G04-09;0;G/G04;0.72;1.87;0.09
G04-10;0;G/G04;1.89;1.02;0.24
G04-11;0;G/G04;0.49;1.9;0.17
G04-12;0;G/G04;1.14;1.23;0.01
G04-13;0;G/G04;0.41;1.59;0.08
G04-14;0;G/G04;0.61;1.8;0.11
G04-15;0;G/G04;1.02;1.62;0.13
G04-16;0;G/G04;0.49;0.34;0.23
G04-17;0;G/G04;0.82;1.27;0.02
G04-18;0;G/G04;0.75;0.48;0.26
G04-19;0;G/G04;1.1;0.73;0.24
G04-20;0;G/G04;1.04;1.91;0.12
G04-21;0;G/G04;1.05;1.98;0.08
G04-22;0;G/G04;0.87;0.73;0.14
G04-23;0;G/G04;0.78;1.97;0.27
G04-24;0;G/G04;1.09;0.53;0.02
G05-00;0;G/G05;1.68;1.86;0.2
G05-01;0;G/G05;1.04;0.86;0.33
G05-02;0;G/G05;1.69;1.36;0.08
G05-03;0;G/G05;1.55;1.2;0.05
G05-04;0;G/G05;1.38;1.18;0.29
G05-05;0;G/G05;1.54;0.99;0.17
G05-06;0;G/G05;2.23;0.56;0.22
G05-07;0;G/G05;1.35;1.49;0.26
G05-08;0;G/G05;1.5;0.85;0.19
G05-09;0;G/G05;1.22;1.42;0.2
G05-10;0;G/G05;1.21;1.4;0.22
G05-11;0;G/G05;1.87;0.33;0.03
G05-12;0;G/G05;1.6;1.99;0.28
G05-13;0;G/G05;1.42;0.99;0.19
G05-14;0;G/G05;1.69;0.95;0.07
G06-00;0;G/G06;1.96;0.52;0.12
G06-01;0;G/G06;2.24;1.83;0.24
G06-02;0;G/G06;1.98;0.52;0.05
G06-03;0;G/G06;1.39;0.27;0.17
G06-04;0;G/G06;1.89;0.66;0.03
G06-05;0;G/G06;2.04;0.95;0.09
G06-06;0;G/G06;2.21;0.41;0.06
G06-07;0;G/G06;2.05;0.3;0.3
G06-08;0;G/G06;1.86;1.01;0.29
G06-09;0;G/G06;2.03;0.48;0.28
G06-10;0;G/G06;2.66;1.18;0.23
G06-11;0;G/G06;2.14;1.57;0.22
G06-12;0;G/G06;1.94;0.89;0.17
G06-13;0;G/G06;1.96;1.12;0.1
G06-14;0;G/G06;1.8;1.85;0.09
G06-15;0;G/G06;2.25;0.52;0.02
G06-16;0;G/G06;2.29;1.16;0.28
G06-17;0;G/G06;1.62;1.14;0.13
G06-18;0;G/G06;1.88;0.61;0.26
G06-19;0;G/G06;2.09;1.66;0.28
G07-00;0;G/G07;2.07;1.94;0.17
G07-01;0;G/G07;2.82;1.77;0.18
G07-02;0;G/G07;3.66;1.44;0.25
G07-03;0;G/G07;2.21;0.95;0.08
G07-04;0;G/G07;2.36;0.47;0.1
G07-05;0;G/G07;2.23;0.39;0.14
G07-06;0;G/G07;2.41;0.47;0.13
G07-07;0;G/G07;2.64;1.26;0.13
G07-08;0;G/G07;2.62;0.91;0.01
G07-09;0;G/G07;2.84;1.6;0.27
G07-10;0;G/G07;3.12;1.75;0.04
G07-11;0;G/G07;2.12;0.6;0.16
G07-12;0;G/G07;2.93;1.31;0.18
G07-13;0;G/G07;2.96;0.36;0
G07-14;0;G/G07;3.04;1.77;0.14
G07-15;0;G/G07;2.6;1.16;0.19
G07-16;0;G/G07;2.68;1;0.25
G07-17;0;G/G07;3.34;0.85;0.23
G07-18;0;G/G07;3.22;0.72;0.17
G07-19;0;G/G07;3.06;1.93;0.08
G07-20;0;G/G07;3.97;1.9;0.02
G07-21;0;G/G07;1.38;0.7;0.29
G07-22;0;G/G07;1.84;1.54;0.27
G07-23;0;G/G07;2.07;0.62;0.17
G08-00;0;G/G08;2.58;1.75;0.13
G08-01;0;G/G08;3.19;1.64;0.05
G08-02;0;G/G08;3.26;0.9;0.07
G08-03;0;G/G08;2.93;0.51;0.15
G08-04;0;G/G08;3;1;0.04
G08-05;0;G/G08;3.13;1.99;0.25
G08-06;0;G/G08;3.04;1.76;0.25
G08-07;0;G/G08;3.35;1.98;0.2
G08-08;0;G/G08;2.76;1.71;0.31
G08-09;0;G/G08;2.78;0.22;0.19
G08-10;0;G/G08;2.79;0.44;0.26
G08-11;0;G/G08;2.73;1.26;0.25
G08-12;0;G/G08;2.88;1.91;0.02
G09-00;0;G/G09;3.57;1.19;0.31
G09-01;0;G/G09;3.36;0.23;0.32
G09-02;0;G/G09;3.64;0.99;0.21
G09-03;0;G/G09;3.59;0.29;0.3
G09-04;0;G/G09;3.2;0.57;0.18
G09-05;0;G/G09;2.98;1.49;0.32
G09-06;0;G/G09;3.33;0.34;0.22
G09-07;0;G/G09;3.52;1.3;0.07
G09-08;0;G/G09;3.46;1.72;0.11
G09-09;0;G/G09;3.69;1.9;0.07
G09-10;0;G/G09;3.24;1.56;0.24
G09-11;0;G/G09;3.79;0.81;0.16
G09-12;0;G/G09;3.18;1.87;0.11
G09-13;0;G/G09;3.92;1.66;0.16
G09-14;0;G/G09;3.25;1.05;0.1
G09-15;0;G/G09;3.49;1.54;0.18
H01-00;0;H/H01;-0.6;1.7;0.22
H01-01;0;H/H01;-1.44;1.74;0.31
H01-02;0;H/H01;-0.5;0.35;0.11
H01-03;0;H/H01;-0.89;1.48;0.14
H01-04;0;H/H01;-0.06;1.64;0.25
H01-05;0;H/H01;-0.72;1.75;0.32
H02-00;0;H/H02;0.42;1.93;0.3
H02-01;0;H/H02;-0.62;1.85;0.07
H02-02;0;H/H02;0.19;0.65;0.27
H02-03;0;H/H02;-1.01;1.43;0.27
H02-04;0;H/H02;1.4;0.5;0.12
H03-00;0;H/H03;0.43;0.87;0.19
H03-01;0;H/H03;0.79;0.53;0.21
H03-02;0;H/H03;1.37;0.41;0.12
H03-03;0;H/H03;0.15;1.7;0.11
H03-04;0;H/H03;0.56;1.93;0.21
H03-05;0;H/H03;0.24;0.32;0.17
H03-06;0;H/H03;0.3;1.63;0.27
H04-00;0;H/H04;2.49;0.55;0.11
H04-01;0;H/H04;3.32;1.77;0.12
H04-02;0;H/H04;3.1;0.79;0.23
H04-03;0;H/H04;4.57;1.26;0.09
H04-04;0;H/H04;2.7;0.5;0.27
H04-05;0;H/H04;3.51;0.54;0.16
H04-06;0;H/H04;3.06;1.34;0.25
H04-07;0;H/H04;3.39;0.63;0.2
H04-08;0;H/H04;4.27;0.52;0.23
H04-09;0;H/H04;3.06;1.04;0.12
H04-10;0;H/H04;3.74;1.79;0.02
H04-11;0;H/H04;3.22;1.82;0.11
H04-12;0;H/H04;3.25;0.33;0.25
H04-13;0;H/H04;4.42;0.9;0.22
H04-14;0;H/H04;2.81;0.38;0.19
H04-15;0;H/H04;2.94;0.28;0.05
H04-16;0;H/H04;3.33;0.65;0
H05-00;0;H/H05;3.79;1.21;0.05
H05-01;0;H/H05;3.32;1.17;0.18
H05-02;0;H/H05;3.88;0.26;0.11
H05-03;0;H/H05;3.24;1.57;0.25
H05-04;0;H/H05;3.49;1.38;0.25
H05-05;0;H/H05;3.31;1;0.32
H06-00;0;H/H06;4.02;0.99;0.28
H06-01;0;H/H06;4.3;1.73;0.09
H06-02;0;H/H06;3.64;1.09;0.16
H06-03;0;H/H06;3.85;0.37;0.18
H06-04;0;H/H06;4.01;1.57;0.2
H06-05;0;H/H06;4.07;1.75;0.07
H06-06;0;H/H06;3.56;0.65;0.32
H06-07;0;H/H06;3.67;0.43;0.32
H06-08;0;H/H06;4.29;1.15;0.03
H06-09;0;H/H06;3.74;0.87;0.04
H06-10;0;H/H06;3.48;1.57;0.13
H06-11;0;H/H06;3.94;1.76;0.07
H06-12;0;H/H06;3.88;1.39;0.04
H07-00;0;H/H07;3.68;1.18;0.02
H07-01;0;H/H07;4.07;0.78;0.19
H07-02;0;H/H07;4.07;0.51;0.2
H07-03;0;H/H07;3.37;1.33;0.11
H07-04;0;H/H07;2.79;0.31;0.21
H07-05;0;H/H07;3.59;0.92;0.07
H07-06;0;H/H07;4.2;0.97;0.21
H07-07;0;H/H07;3.6;1.85;0.06
H07-08;0;H/H07;2.72;0.81;0.19
H07-09;0;H/H07;3;0.59;0.15
H07-10;0;H/H07;3.64;1;0.22
H07-11;0;H/H07;3.96;0.76;0.03
H07-12;0;H/H07;3.49;0.36;0.13
H07-13;0;H/H07;3.97;0.84;0.04
H07-14;0;H/H07;4.21;0.4;0
H07-15;0;H/H07;3.54;1.69;0.33
H07-16;0;H/H07;3.22;0.29;0.29
H07-17;0;H/H07;4.72;1.43;0.04
H07-18;0;H/H07;3.43;1.94;0.25
H07-19;0;H/H07;3.22;0.2;0.31
H08-00;0;H/H08;4.91;0.61;0.16
H08-01;0;H/H08;4.23;1.22;0.21
H08-02;0;H/H08;4.82;0.57;0.18
H08-03;0;H/H08;4.67;0.44;0.24
H08-04;0;H/H08;4.76;0.65;0.24
H08-05;0;H/H08;4.66;0.7;0.02
H08-06;0;H/H08;4.96;1.5;0.21
H08-07;0;H/H08;4.65;0.35;0.19
H08-08;0;H/H08;4.04;1.45;0.12
H09-00;0;H/H09;4.59;0.28;0.14
H09-01;0;H/H09;4.26;1.88;0.28
H09-02;0;H/H09;4.56;0.63;0.3
H09-03;0;H/H09;4.46;1.47;0.03
H09-04;0;H/H09;4.45;0.97;0.13
H09-05;0;H/H09;4.4;0.26;0.12
H09-06;0;H/H09;4.31;1.26;0.24
H09-07;0;H/H09;4.63;0.41;0.21
H09-08;0;H/H09;4.49;1.91;0.32
H09-09;0;H/H09;4.35;0.67;0.26
H09-10;0;H/H09;4.31;0.31;0.07
H09-11;0;H/H09;4.36;1.77;0.01
H09-12;0;H/H09;4.56;1.31;0.2
H09-13;0;H/H09;4.55;0.48;0.21
H09-14;0;H/H09;4.47;0.27;0.04
H10-00;0;H/H10;3.52;0.89;0.05
H10-01;0;H/H10;3.77;0.9;0.18
H10-02;0;H/H10;3.97;1.89;0.19
H10-03;0;H/H10;3.36;0.75;0.12
H10-04;0;H/H10;3.52;1.31;0.25
H10-05;0;H/H10;4;0.39;0.07
H10-06;0;H/H10;3.83;1.99;0.31
H10-07;0;H/H10;3.48;1.1;0.09
H10-08;0;H/H10;3.52;1.13;0.16
I01-00;0;I/I01;0.71;1.16;0.2
I01-01;0;I/I01;0.77;1.51;0.07
I01-02;0;I/I01;0.79;1.29;0.18
I01-03;0;I/I01;0.43;0.39;0.08
I01-04;0;I/I01;0.63;0.44;0.24
I01-05;0;I/I01;1.46;0.32;0.09
I01-06;0;I/I01;0.74;1.38;0.31
I01-07;0;I/I01;2.05;1.38;0.04
I01-08;0;I/I01;0.62;1.93;0.22
I01-09;0;I/I01;0.81;0.48;0.04
I01-10;0;I/I01;1.41;0.93;0.14
I01-11;0;I/I01;1.16;1.16;0.19
I01-12;0;I/I01;0.71;1.71;0.27
I01-13;0;I/I01;1.72;1.4;0
I01-14;0;I/I01;0.56;1.16;0.21
I01-15;0;I/I01;0.86;1.82;0.21
I01-16;0;I/I01;1.05;0.7;0.29
I01-17;0;I/I01;1.55;0.44;0.02
I01-18;0;I/I01;0.89;1.98;0.17
I01-19;0;I/I01;1.31;1.42;0.19
I01-20;0;I/I01;0.83;1.33;0.26
I01-21;0;I/I01;1.58;1.06;0.28
I01-22;0;I/I01;0.76;0.3;0.3
I02-00;0;I/I02;1.77;0.41;0.24
I02-01;0;I/I02;1.46;1.55;0.02
I02-02;0;I/I02;1.44;0.75;0.18
I02-03;0;I/I02;1.57;1.23;0.32
I02-04;0;I/I02;1.92;1.43;0.09
I02-05;0;I/I02;0.84;1.21;0.08
I02-06;0;I/I02;1.64;1.22;0.19
I02-07;0;I/I02;1.32;0.96;0.19
I02-08;0;I/I02;1.79;1.02;0.16
I03-00;0;I/I03;1.82;1.76;0.08
I03-01;0;I/I03;1.16;0.34;0.11
I03-02;0;I/I03;1.58;0.71;0.11
I03-03;0;I/I03;1.42;1.68;0.24
I03-04;0;I/I03;2.13;1.77;0.11
I03-05;0;I/I03;1.2;1.44;0.29
I04-00;0;I/I04;1.66;1.29;0.22
I04-01;0;I/I04;1.55;0.27;0.3
I04-02;0;I/I04;1.14;1.49;0.12
I04-03;0;I/I04;1.13;0.77;0.09
I04-04;0;I/I04;2.02;0.92;0.22
I04-05;0;I/I04;1.02;0.97;0.23
I04-06;0;I/I04;1.43;0.41;0.12
I04-07;0;I/I04;1.92;1.54;0.25
I04-08;0;I/I04;1.49;0.43;0.19
I04-09;0;I/I04;1.61;0.76;0.29
I04-10;0;I/I04;1.54;1.56;0.05
I04-11;0;I/I04;1.75;0.39;0.15
I05-00;0;I/I05;2.63;1.73;0.29
I05-01;0;I/I05;3.06;1.61;0.23
I05-02;0;I/I05;1.7;1.35;0.17
I05-03;0;I/I05;2.7;1.54;0.08
I05-04;0;I/I05;1.92;1.95;0.3
I05-05;0;I/I05;2.47;0.32;0.3
I05-06;0;I/I05;2.56;0.64;0.19
I05-07;0;I/I05;1.6;0.59;0.16
I05-08;0;I/I05;3.07;1.54;0.28
I05-09;0;I/I05;2.45;0.21;0.26
I05-10;0;I/I05;2.08;0.24;0.09
I05-11;0;I/I05;2.62;1.11;0.3
I05-12;0;I/I05;1.52;0.96;0.29
I05-13;0;I/I05;1.73;0.46;0.2
I05-14;0;I/I05;2.55;1.39;0.07
I05-15;0;I/I05;2.79;1.62;0.01
I05-16;0;I/I05;2.5;0.39;0.06
I05-17;0;I/I05;1.17;0.62;0.04
I05-18;0;I/I05;3.14;1.79;0.24
I05-19;0;I/I05;3.19;0.52;0.06
I05-20;0;I/I05;2.32;1.53;0.22
I05-21;0;I/I05;2.54;1.09;0.11
I05-22;0;I/I05;1.82;1.11;0.04
I05-23;0;I/I05;3.18;1.18;0.14
I05-24;0;I/I05;2.66;1.89;0.13
I06-00;0;I/I06;2.46;1.73;0.09
I06-01;0;I/I06;2.47;0.96;0.19
I06-02;0;I/I06;2.39;0.68;0.25
I06-03;0;I/I06;2.71;1.74;0.25
I06-04;0;I/I06;2.68;1.82;0.07
I06-05;0;I/I06;2.68;1.02;0.08
I06-06;0;I/I06;2.63;0.94;0.11
I06-07;0;I/I06;2.4;0.46;0.04
I06-08;0;I/I06;2.89;0.58;0.22
I06-09;0;I/I06;2.4;1.87;0.24
I06-10;0;I/I06;2.55;1.21;0.13
I06-11;0;I/I06;2.28;1.68;0.21
I06-12;0;I/I06;2.3;0.49;0
I06-13;0;I/I06;2.52;0.42;0.08
I06-14;0;I/I06;2.75;0.28;0.25
I06-15;0;I/I06;2.19;1.78;0.2
I06-16;0;I/I06;2.47;0.62;0.16
I06-17;0;I/I06;1.89;0.61;0.15
I06-18;0;I/I06;2.22;1.53;0.18
I06-19;0;I/I06;2.73;0.51;0.17
I06-20;0;I/I06;2.49;0.61;0.12
I06-21;0;I/I06;2.1;0.26;0.32
I07-00;0;I/I07;2.99;1.36;0.31
I07-01;0;I/I07;3.69;0.93;0.08
I07-02;0;I/I07;3;0.69;0.18
I07-03;0;I/I07;3.4;1.54;0.09
I07-04;0;I/I07;2.78;0.25;0.11
I07-05;0;I/I07;3.44;0.47;0.15
I07-06;0;I/I07;3.61;0.35;0.14
I07-07;0;I/I07;2.87;0.68;0.12
I07-08;0;I/I07;3.06;1.03;0.09
I07-09;0;I/I07;3.54;1.94;0.15
I07-10;0;I/I07;2.86;1.47;0.19
I07-11;0;I/I07;2.94;0.51;0
I07-12;0;I/I07;2.32;1.51;0.15
I08-00;0;I/I08;3.15;1.4;0.26
I08-01;0;I/I08;3.84;1.06;0.05
I08-02;0;I/I08;3.82;1.55;0.32
I08-03;0;I/I08;3.27;0.57;0.14
I08-04;0;I/I08;3.37;1.94;0.04
I08-05;0;I/I08;4.06;1.15;0.26
I08-06;0;I/I08;3.34;1.97;0.18
I08-07;0;I/I08;3.29;1.94;0.05
I08-08;0;I/I08;3.42;0.76;0.11
I08-09;0;I/I08;3.58;0.24;0.31
I08-10;0;I/I08;3.29;1.77;0.1
I08-11;0;I/I08;3.93;1.38;0.08
I08-12;0;I/I08;3.79;1.28;0.07
I08-13;0;I/I08;3.51;0.87;0.01
I08-14;0;I/I08;3.54;1.74;0.2
I08-15;0;I/I08;3.65;1.67;0.11
I08-16;0;I/I08;3.72;0.31;0.31
I08-17;0;I/I08;3.5;0.62;0.23
I08-18;0;I/I08;3.64;1.56;0.04
I08-19;0;I/I08;3.16;1.88;0.09
I08-20;0;I/I08;3.58;0.82;0.05
I08-21;0;I/I08;3.6;0.59;0
I08-22;0;I/I08;3.52;1.13;0.23
J01-00;0;J/J01;1.82;0.92;0.29
J01-01;0;J/J01;2.11;1.38;0.21
J01-02;0;J/J01;0.97;1.35;0.05
J01-03;0;J/J01;1.4;0.8;0.14
J01-04;0;J/J01;1.98;1.09;0.2
J01-05;0;J/J01;1.66;1.09;0.22
J01-06;0;J/J01;1.62;1.98;0.01
J01-07;0;J/J01;1.54;1.53;0.08
J01-08;0;J/J01;1.82;1.15;0.15
J01-09;0;J/J01;1.2;1.52;0.13
J01-10;0;J/J01;2.45;1.68;0.16
J01-11;0;J/J01;1.45;1.48;0.12
J01-12;0;J/J01;1.27;1.91;0.02
J01-13;0;J/J01;2.02;1.51;0.03
J01-14;0;J/J01;1.71;1.41;0.08
J01-15;0;J/J01;1.9;1.13;0.13
J01-16;0;J/J01;1.07;1.91;0.02
J02-00;0;J/J02;2.11;0.88;0.06
J02-01;0;J/J02;3.45;0.73;0.2
J02-02;0;J/J02;1.75;1.59;0.21
J02-03;0;J/J02;1.82;0.47;0.07
J02-04;0;J/J02;1.07;0.33;0.09
J02-05;0;J/J02;1.74;1.91;0.26
J02-06;0;J/J02;2.52;1.06;0.31
J02-07;0;J/J02;1.72;0.54;0.02
J02-08;0;J/J02;2.53;1;0.05
J02-09;0;J/J02;1.93;0.25;0.22
J02-10;0;J/J02;0.68;0.67;0.33
J02-11;0;J/J02;1.48;1.56;0.18
J02-12;0;J/J02;1.95;0.9;0.22
J02-13;0;J/J02;2.24;1.06;0.15
J02-14;0;J/J02;1.31;1.27;0.3
J02-15;0;J/J02;1.48;1.46;0.02
J02-16;0;J/J02;2.17;1.52;0.02
J02-17;0;J/J02;2.57;1.43;0.13
J02-18;0;J/J02;1.9;1.71;0.16
J02-19;0;J/J02;2.12;1.89;0.3
J02-20;0;J/J02;1.62;1.77;0.22
J03-00;0;J/J03;1.88;1.01;0.3
J03-01;0;J/J03;2.46;1.29;0.16
J03-02;0;J/J03;2.5;0.79;0.28
J03-03;0;J/J03;2.55;1.22;0.26
J03-04;0;J/J03;2.79;1.46;0.06
J03-05;0;J/J03;1.86;1.19;0.05
J03-06;0;J/J03;2.61;0.67;0.13
J03-07;0;J/J03;2.14;1.73;0.03
J03-08;0;J/J03;2.15;0.35;0.32
J03-09;0;J/J03;2.61;0.4;0.04
J03-10;0;J/J03;2.06;0.54;0.02
J03-11;0;J/J03;2.2;0.63;0.12
J03-12;0;J/J03;2.9;1.66;0.03
J03-13;0;J/J03;2.62;0.44;0.25
J03-14;0;J/J03;2.84;1.97;0.26
J03-15;0;J/J03;2;1.73;0.06
J03-16;0;J/J03;2.53;1.7;0.01
J03-17;0;J/J03;2.48;0.66;0.08
J03-18;0;J/J03;2.71;1.11;0.27
J03-19;0;J/J03;2.49;1.6;0.16
J03-20;0;J/J03;2.47;1.22;0.18
J03-21;0;J/J03;2.53;0.52;0.31
J03-22;0;J/J03;2.88;1.38;0.05
J03-23;0;J/J03;2.33;1.73;0.03
J03-24;0;J/J03;2.81;1.01;0
J04-00;0;J/J04;1.91;0.41;0.05
J04-01;0;J/J04;2.93;0.59;0.08
J04-02;0;J/J04;2.68;1.78;0.32
J04-03;0;J/J04;2.45;1.72;0.18
J04-04;0;J/J04;1.96;1.03;0.18
J04-05;0;J/J04;1.43;0.87;0.26
J04-06;0;J/J04;2.77;0.96;0.08
J04-07;0;J/J04;2.69;1.64;0.15
J04-08;0;J/J04;1.66;1.41;0.21
J04-09;0;J/J04;2.58;0.4;0.01
J04-10;0;J/J04;3.04;0.86;0
J04-11;0;J/J04;1.28;1.52;0.05
J04-12;0;J/J04;1.04;1.75;0.11
J04-13;0;J/J04;2.82;0.62;0.07
J04-14;0;J/J04;2.56;1.78;0.02
J04-15;0;J/J04;2.32;1.5;0.02
J04-16;0;J/J04;2.76;1.74;0.21
J04-17;0;J/J04;2.86;0.35;0.3
J04-18;0;J/J04;2.48;1.38;0.3
J04-19;0;J/J04;3.09;1.35;0.33
J04-20;0;J/J04;2.5;1.54;0.27
J04-21;0;J/J04;1.75;1.37;0.17
J04-22;0;J/J04;2.25;0.45;0.13
J04-23;0;J/J04;2.45;0.62;0.08
J04-24;0;J/J04;2.95;1.18;0.16
J05-00;0;J/J05;3.3;0.51;0.03
J05-01;0;J/J05;2.68;1.83;0.22
J05-02;0;J/J05;2.58;1.85;0.22
J05-03;0;J/J05;3.38;1.09;0.05
J05-04;0;J/J05;2.18;1.04;0.21
J05-05;0;J/J05;2.5;1.27;0.09
J05-06;0;J/J05;2.96;0.7;0.16
J05-07;0;J/J05;2.97;0.99;0.06
J06-00;0;J/J06;3.5;0.41;0.12
J06-01;0;J/J06;3.09;0.88;0.08
J06-02;0;J/J06;3.59;0.92;0.04
J06-03;0;J/J06;3.27;1.47;0.17
J06-04;0;J/J06;3.48;1.12;0.1
J06-05;0;J/J06;3.19;0.76;0.1
J06-06;0;J/J06;3.47;1.64;0.25
J06-07;0;J/J06;3.94;0.35;0.2
J07-00;0;J/J07;2.88;0.82;0.01
J07-01;0;J/J07;2.94;1.77;0.27
J07-02;0;J/J07;3.86;1.61;0.27
J07-03;0;J/J07;4.31;0.3;0.28
J07-04;0;J/J07;3.77;1.1;0.26
J07-05;0;J/J07;4.63;1.91;0.1
J07-06;0;J/J07;3.53;0.94;0.16
J07-07;0;J/J07;3.75;1.33;0.28
J07-08;0;J/J07;4.29;1.51;0.09
J07-09;0;J/J07;2.89;1.64;0.21
J07-10;0;J/J07;2.54;0.74;0.12
J07-11;0;J/J07;2.77;0.36;0.22
J07-12;0;J/J07;3.57;0.34;0.27
J07-13;0;J/J07;3.59;0.33;0.02
J07-14;0;J/J07;3.24;0.35;0.04
J07-15;0;J/J07;3.78;1.34;0.23
J07-16;0;J/J07;3.24;1.15;0.17
J07-17;0;J/J07;3.45;1.86;0.26
J07-18;0;J/J07;2.69;0.45;0.24
J08-00;0;J/J08;3.71;0.88;0.26
J08-01;0;J/J08;3.89;0.93;0.22
J08-02;0;J/J08;4.1;1.28;0.14
J08-03;0;J/J08;4.07;1.45;0.24
J08-04;0;J/J08;4.19;0.62;0.3
J08-05;0;J/J08;3.79;1;0.16
J08-06;0;J/J08;3.85;1.8;0.08
J08-07;0;J/J08;3.74;1.73;0.04
J08-08;0;J/J08;3.66;0.22;0.1
J08-09;0;J/J08;3.96;0.88;0.07
J08-10;0;J/J08;4.2;1.46;0.1
J08-11;0;J/J08;4.02;1.81;0.22
J08-12;0;J/J08;3.92;0.39;0.21
J08-13;0;J/J08;3.91;0.83;0.29
J08-14;0;J/J08;3.65;1.31;0.21
J08-15;0;J/J08;3.96;1.02;0.16
J08-16;0;J/J08;4.43;1.71;0.11
J08-17;0;J/J08;3.92;1.8;0.24
J08-18;0;J/J08;3.79;0.59;0.21
J08-19;0;J/J08;3.51;0.89;0.24
J08-20;0;J/J08;3.56;1.06;0.13
J08-21;0;J/J08;3.9;1.96;0.1
J08-22;0;J/J08;4.11;1.3;0.11
K01-00;0;K/K01;1.88;0.34;0.21
K01-01;0;K/K01;1.98;1.16;0.27
K01-02;0;K/K01;1.69;1.53;0.08
K01-03;0;K/K01;1.82;0.94;0.27
K01-04;0;K/K01;1.62;1.65;0.22
K02-00;0;K/K02;2.19;1.31;0.08
K02-01;0;K/K02;2.54;1.17;0.24
K02-02;0;K/K02;2.19;0.87;0.14
K02-03;0;K/K02;1.9;1.29;0.05
K02-04;0;K/K02;2.13;1.8;0.21
K02-05;0;K/K02;2.18;0.98;0.23
K02-06;0;K/K02;2.53;0.81;0.29
K02-07;0;K/K02;2.23;0.68;0.17
K02-08;0;K/K02;2.07;0.4;0.32
K02-09;0;K/K02;2.86;1.46;0.28
K02-10;0;K/K02;2.34;1.71;0.26
K02-11;0;K/K02;2.63;1.55;0.3
K02-12;0;K/K02;2.65;0.97;0.02
K02-13;0;K/K02;2.45;0.98;0.15
K02-14;0;K/K02;2.64;0.86;0.33
K02-15;0;K/K02;2.3;0.69;0.29
K02-16;0;K/K02;2.52;1.57;0.31
K02-17;0;K/K02;2.76;1.93;0.13
K02-18;0;K/K02;2.31;1.11;0.04
K02-19;0;K/K02;2.74;0.21;0.01
K02-20;0;K/K02;2.07;1.97;0.23
K02-21;0;K/K02;2.33;1.84;0.19
K03-00;0;K/K03;2.24;0.97;0.14
K03-01;0;K/K03;2.82;0.63;0.03
K03-02;0;K/K03;3.14;1.81;0.23
K03-03;0;K/K03;3.11;0.46;0.07
K03-04;0;K/K03;3.15;1.95;0.22
K03-05;0;K/K03;2.31;1.97;0.09
K03-06;0;K/K03;3.17;0.22;0
K03-07;0;K/K03;2.09;1.31;0.29
K03-08;0;K/K03;2.36;1.69;0.08
K03-09;0;K/K03;2.44;1.82;0.05
K03-10;0;K/K03;1.88;1.26;0.22
K03-11;0;K/K03;3.48;0.31;0.33
K03-12;0;K/K03;2.45;0.61;0.1
K03-13;0;K/K03;2.65;0.94;0.27
K03-14;0;K/K03;2.24;1.07;0.29
K03-15;0;K/K03;2.2;1.99;0.23
K03-16;0;K/K03;1.91;1.02;0.06
K03-17;0;K/K03;1.56;0.35;0.08
K03-18;0;K/K03;2.08;1.47;0.08
K03-19;0;K/K03;2.74;0.68;0.16
K03-20;0;K/K03;1.31;1.43;0.3
K03-21;0;K/K03;1.97;0.76;0.27
K04-00;0;K/K04;3.74;0.88;0.27
K04-01;0;K/K04;4.02;0.9;0.31
K04-02;0;K/K04;3.4;2;0.2
K04-03;0;K/K04;3.21;0.95;0.26
K04-04;0;K/K04;2.78;1.95;0.15
K04-05;0;K/K04;3.72;1.62;0.02
K04-06;0;K/K04;3.3;1.22;0.02
K04-07;0;K/K04;3.29;1.66;0.33
K04-08;0;K/K04;4.24;1.26;0.11
K04-09;0;K/K04;3.49;0.88;0.09
K05-00;0;K/K05;3.37;0.37;0.23
K05-01;0;K/K05;3.5;1.01;0.05
K05-02;0;K/K05;3.63;0.72;0.19
K05-03;0;K/K05;3.45;1.76;0.13
K05-04;0;K/K05;3.61;1.96;0.1
K05-05;0;K/K05;3.77;1.76;0.01
K05-06;0;K/K05;3.38;0.68;0.06
K05-07;0;K/K05;3.5;1;0.13
K05-08;0;K/K05;3.25;1.14;0.13
K05-09;0;K/K05;3.43;1.68;0.24
K05-10;0;K/K05;3.6;1.8;0.17
K05-11;0;K/K05;3.34;1.18;0.12
K06-00;0;K/K06;4.03;1.61;0.24
K06-01;0;K/K06;3.81;1.9;0.28
K06-02;0;K/K06;3.93;1.48;0.05
K06-03;0;K/K06;3.89;0.31;0.16
K06-04;0;K/K06;4.19;1.17;0.26
K06-05;0;K/K06;3.67;0.66;0.05
K06-06;0;K/K06;4.26;0.62;0.03
K06-07;0;K/K06;4.33;1.52;0.27
K06-08;0;K/K06;3.89;1.38;0.31
K06-09;0;K/K06;3.75;0.26;0.13
K06-10;0;K/K06;3.76;0.76;0.12
K06-11;0;K/K06;4.14;0.49;0.12
K06-12;0;K/K06;4.03;0.3;0.29
K06-13;0;K/K06;4.07;0.62;0.15
K06-14;0;K/K06;3.78;1.69;0.07
K06-15;0;K/K06;3.87;0.69;0.15
K06-16;0;K/K06;4.3;0.65;0.03
K06-17;0;K/K06;3.78;1.47;0.12
K07-00;0;K/K07;4.68;1.42;0.11
K07-01;0;K/K07;3.48;1.84;0.32
K07-02;0;K/K07;4.93;0.44;0.12
K07-03;0;K/K07;4.94;1.59;0.26
K07-04;0;K/K07;4.3;1.69;0.3
K07-05;0;K/K07;4.48;1.92;0.04
K07-06;0;K/K07;4.31;0.35;0.33
K07-07;0;K/K07;4.69;0.97;0.1
K07-08;0;K/K07;4.52;0.39;0.11
K07-09;0;K/K07;4.49;1.62;0.11
K07-10;0;K/K07;5.09;0.65;0.04
K07-11;0;K/K07;4.69;1.87;0.08
K07-12;0;K/K07;5;1.02;0.33
K07-13;0;K/K07;5;1.02;0.17
K07-14;0;K/K07;4.59;1.81;0.01
K07-15;0;K/K07;4.5;0.47;0.18
K07-16;0;K/K07;4.8;1.89;0.17
K07-17;0;K/K07;3.39;1.96;0.1
K07-18;0;K/K07;4.97;1.54;0.16
K07-19;0;K/K07;4.41;0.79;0.31
K07-20;0;K/K07;4.17;0.72;0.32
K07-21;0;K/K07;4.97;1.23;0.31
K08-00;0;K/K08;4.59;0.82;0.11
K08-01;0;K/K08;4.19;1.03;0.04
K08-02;0;K/K08;3.97;0.86;0.09
K08-03;0;K/K08;3.95;1.3;0.24
K08-04;0;K/K08;4.52;0.95;0.25
K08-05;0;K/K08;4.41;1.37;0.13
K08-06;0;K/K08;4.62;1.57;0.24
K08-07;0;K/K08;4.83;1.73;0.12
K08-08;0;K/K08;4.53;1.49;0.14
L01-00;0;L/L01;3.94;0.64;0.19
L01-01;0;L/L01;2.43;0.91;0.29
L01-02;0;L/L01;3.08;0.35;0.14
L01-03;0;L/L01;3.41;1.97;0.07
L01-04;0;L/L01;3.12;0.62;0.24
L01-05;0;L/L01;3.83;0.78;0.11
L01-06;0;L/L01;3.58;1.62;0.22
L01-07;0;L/L01;3.39;1.74;0.05
L01-08;0;L/L01;3.15;0.71;0.21
L01-09;0;L/L01;3.39;1.52;0.08
L01-10;0;L/L01;3.63;1.51;0.25
L02-00;0;L/L02;3.45;0.91;0.21
L02-01;0;L/L02;3.05;1.94;0.31
L02-02;0;L/L02;4.04;0.4;0.25
L02-03;0;L/L02;3.29;0.31;0.13
L02-04;0;L/L02;3.23;0.92;0.14
L03-00;0;L/L03;3.11;0.93;0.01
L03-01;0;L/L03;3.03;0.46;0.09
L03-02;0;L/L03;3.66;1.69;0.01
L03-03;0;L/L03;3.34;1.11;0.01
L03-04;0;L/L03;3.93;0.61;0.02
L03-05;0;L/L03;3.17;0.99;0.31
L03-06;0;L/L03;3.08;1.38;0.05
L03-07;0;L/L03;4.63;1.73;0.3
L03-08;0;L/L03;4.45;0.91;0.15
L03-09;0;L/L03;3.78;1.84;0.19
L03-10;0;L/L03;3.95;1.85;0.2
L03-11;0;L/L03;2.45;1.71;0
L03-12;0;L/L03;3.48;0.46;0.16
L03-13;0;L/L03;3.09;1.21;0.29
L03-14;0;L/L03;3.09;0.46;0.21
L03-15;0;L/L03;3.56;0.21;0.07
L03-16;0;L/L03;3.22;1.11;0.23
L03-17;0;L/L03;3.58;1.58;0.26
L03-18;0;L/L03;3.06;0.6;0.31
L03-19;0;L/L03;2.78;1.85;0.16
L03-20;0;L/L03;4;1.33;0.16
L04-00;0;L/L04;3.99;0.36;0.29
L04-01;0;L/L04;3.28;1.55;0.07
L04-02;0;L/L04;2.95;1.51;0.22
L04-03;0;L/L04;3.47;0.84;0
L04-04;0;L/L04;3.27;0.55;0.11
L04-05;0;L/L04;4.57;0.81;0.22
L05-00;0;L/L05;4.82;0.28;0.21
L05-01;0;L/L05;4.69;1.54;0.18
L05-02;0;L/L05;4.15;1.56;0.29
L05-03;0;L/L05;4.73;1.52;0.31
L05-04;0;L/L05;4.44;1.2;0.24
L05-05;0;L/L05;4.44;1.41;0.17
L05-06;0;L/L05;4.5;1.35;0.04
L05-07;0;L/L05;4.36;0.92;0.17
L05-08;0;L/L05;4.29;1.98;0.22
L05-09;0;L/L05;4.71;1.96;0.06
L05-10;0;L/L05;4.44;0.46;0.25
L05-11;0;L/L05;4.6;1.94;0.24
L05-12;0;L/L05;4.32;0.62;0.09
L05-13;0;L/L05;4.41;0.57;0.14
L05-14;0;L/L05;4.8;0.29;0.17
L05-15;0;L/L05;4.5;1.76;0.32